{"cameraMode":{"drawMode":0,"name":"Shaded","section":"Shading Mode"},"sceneLighting":true,"audioPlay":false,"sceneViewState":{"showFog":true,"showMaterialUpdate":true,"showSkybox":true,"showFlares":true,"showImageEffects":true,"showParticleSystems":true},"in2DMode":false,"pivot":{"x":10.068918228149414,"y":-1.9835023880004883,"z":-27.462425231933595},"rotation":{"x":0.07250508666038513,"y":0.9018927812576294,"z":-0.16691617667675019,"w":0.39175447821617129},"size":37.08320236206055,"orthographic":false}